<?xml version="1.0" encoding="UTF-8"?>
<project-private xmlns="http://www.netbeans.org/ns/project-private/1">
    <editor-bookmarks xmlns="http://www.netbeans.org/ns/editor-bookmarks/2" lastBookmarkId="0"/>
    <open-files xmlns="http://www.netbeans.org/ns/projectui-open-files/2">
        <group>
            <file>file:/D:/swp/Given/Given/given/Q3_HE172807/src/java/controller/showServlet.java</file>
            <file>file:/D:/swp/Given/Given/given/Q3_HE172807/src/java/dal/DBContext.java</file>
            <file>file:/D:/swp/Given/Given/given/Q3_HE172807/web/showinfor.jsp</file>
            <file>file:/D:/swp/Given/Given/given/Q3_HE172807/src/java/dal/StudentDBContext.java</file>
        </group>
    </open-files>
</project-private>
